<?xml version="1.0" encoding="UTF-8"?>
<root>
    <doclet-version-NOT-library-version>1.07</doclet-version-NOT-library-version>
    <class>
        <name>jtidy.b4j.htmlbeautify.HTMLBeautify</name>
        <shortname>HTMLBeautify</shortname>
        <owner>process</owner>
        <method>
            <name>CleanHTML2</name>
            <comment>This function clean an HTML data using an encoding passed by value,
 if an exception is launched the result will be "Error to parse the HTML"</comment>
            <returntype>java.lang.String</returntype>
            <parameter>
                <name>data</name>
                <type>java.lang.String</type>
            </parameter>
            <parameter>
                <name>encoding</name>
                <type>java.lang.String</type>
            </parameter>
        </method>
        <method>
            <name>CleanHTML</name>
            <comment>This function clean an HTML data using UTF-8 encoding,
 if an exception is launched the result will be "Error to parse the HTML"</comment>
            <returntype>java.lang.String</returntype>
            <parameter>
                <name>data</name>
                <type>java.lang.String</type>
            </parameter>
        </method>
        <method>
            <name>CleanXML</name>
            <comment>This function clean an XML data using UTF-8 encoding
 if an exception is launched the result will be "Error to parse the XML"</comment>
            <returntype>java.lang.String</returntype>
            <parameter>
                <name>data</name>
                <type>java.lang.String</type>
            </parameter>
        </method>
        <method>
            <name>CleanXML2</name>
            <comment>This function clean an XML data using an encoding passed by value
 if an exception is launched the result will be "Error to parse the XML"</comment>
            <returntype>java.lang.String</returntype>
            <parameter>
                <name>data</name>
                <type>java.lang.String</type>
            </parameter>
            <parameter>
                <name>encoding</name>
                <type>java.lang.String</type>
            </parameter>
        </method>
    </class>
    <version>1.0</version>
    <dependsOn>jHTMLBeautify_Jtidy</dependsOn>
</root>
