<?xml version="1.0" encoding="UTF-8"?>
<root>
    <doclet-version-NOT-library-version>1.07</doclet-version-NOT-library-version>
    <class>
        <name>jtidy.b4j.htmlbeautify.HTMLBeautify</name>
        <shortname>HTMLBeautify</shortname>
        <owner>process</owner>
        <method>
            <name>CleanHTML2</name>
            <comment>This function clean an HTML data using an encoding passed by value,
 if an exception is launched the result will be "Error to parse the HTML"
 Example:&lt;code&gt;
 Dim objHTMLBeautify as HTMLBeautify
 Dim html as String = File.ReadString(File.DirApp,"demo.html")
 html = objHTMLBeautify.CleanHTML2(html,"UTF-8")
 Log(html)&lt;/code&gt;</comment>
            <returntype>java.lang.String</returntype>
            <parameter>
                <name>data</name>
                <type>java.lang.String</type>
            </parameter>
            <parameter>
                <name>encoding</name>
                <type>java.lang.String</type>
            </parameter>
        </method>
        <method>
            <name>CleanHTML</name>
            <comment>This function clean an HTML data using UTF-8 encoding,
 if an exception is launched the result will be "Error to parse the HTML"
 Example:&lt;code&gt;
 Dim objHTMLBeautify as HTMLBeautify
 Dim html as String = File.ReadString(File.DirApp,"demo.html")
 html = objHTMLBeautify.CleanHTML(html)
 Log(html)&lt;/code&gt;</comment>
            <returntype>java.lang.String</returntype>
            <parameter>
                <name>data</name>
                <type>java.lang.String</type>
            </parameter>
        </method>
        <method>
            <name>FormatHTML</name>
            <comment>This function parse HTML using the Jsoup library
 Example:&lt;code&gt;
 Dim objHTMLBeautify as HTMLBeautify
 Dim xml as String = File.ReadString(File.DirApp,"demo.html")
 xml = objHTMLBeautify.FormatXML(xml)
 Log(xml)&lt;/code&gt;</comment>
            <returntype>java.lang.String</returntype>
            <parameter>
                <name>html</name>
                <type>java.lang.String</type>
            </parameter>
        </method>
        <method>
            <name>FormatXML</name>
            <comment>This function parse XML using the Jsoup library
 Example:&lt;code&gt;
 Dim objHTMLBeautify as HTMLBeautify
 Dim xml as String = File.ReadString(File.DirApp,"demo.html")
 xml = objHTMLBeautify.FormatXML(xml)
 Log(xml)&lt;/code&gt;</comment>
            <returntype>java.lang.String</returntype>
            <parameter>
                <name>html</name>
                <type>java.lang.String</type>
            </parameter>
        </method>
        <method>
            <name>CleanXML</name>
            <comment>This function clean an XML data using UTF-8 encoding
 if an exception is launched the result will be "Error to parse the XML"
 Example:&lt;code&gt;
 Dim objHTMLBeautify as HTMLBeautify
 Dim xml as String = File.ReadString(File.DirApp,"demo.html")
 xml = objHTMLBeautify.CleanXML(xml)
 Log(xml)&lt;/code&gt;</comment>
            <returntype>java.lang.String</returntype>
            <parameter>
                <name>data</name>
                <type>java.lang.String</type>
            </parameter>
        </method>
        <method>
            <name>CleanXML2</name>
            <comment>This function clean an XML data using an encoding passed by value
 if an exception is launched the result will be "Error to parse the XML"
 Example:&lt;code&gt;
 Dim objHTMLBeautify as HTMLBeautify
 Dim xml as String = File.ReadString(File.DirApp,"demo.html")
 xml = objHTMLBeautify.CleanXML2(xml,"UTF-8")
 Log(xml)&lt;/code&gt;</comment>
            <returntype>java.lang.String</returntype>
            <parameter>
                <name>data</name>
                <type>java.lang.String</type>
            </parameter>
            <parameter>
                <name>encoding</name>
                <type>java.lang.String</type>
            </parameter>
        </method>
        <method>
            <name>FormatHTMLBody</name>
            <comment>This function parse HTML body segment using the Jsoup library
 Example:&lt;code&gt;
 Dim objHTMLBeautify as HTMLBeautify
 Dim xml as String = File.ReadString(File.DirApp,"demo.html")
 xml = objHTMLBeautify.FormatXML(xml)
 Log(xml)&lt;/code&gt;</comment>
            <returntype>java.lang.String</returntype>
            <parameter>
                <name>html</name>
                <type>java.lang.String</type>
            </parameter>
        </method>
    </class>
    <version>0.2</version>
    <dependsOn>jHTMLBeautify_Jtidy</dependsOn>
    <dependsOn>jHTMLBeautify_Jsoup</dependsOn>
</root>
